{
    "timestamp": "20250513_193053",
    "best_params": {
        "rolling_volatility_window": 44,
        "trix_period": 31,
        "tema_period": 49,
        "bbands_period": 18,
        "macd_fast": 12,
        "macd_slow": 36,
        "obv_window": 15,
        "ewma_span": 23,
        "num_leaves": 49,
        "learning_rate": 0.07564165961920034,
        "n_estimators": 238,
        "min_child_samples": 10,
        "subsample": 0.737698531143873,
        "colsample_bytree": 0.7047575065662013,
        "reg_alpha": 0.9908378096928167,
        "reg_lambda": 0.5959223455574707
    },
    "accuracy": 0.5519,
    "precision": 0.5329,
    "recall": 0.4354,
    "f1_score": 0.4793,
    "duration_seconds": 540.06,
    "portfolio_balances": {
        "dynamic": 11084.13,
        "balanced": 10889.77,
        "ultra_aggressive": 11128.03
    }
}