{
    "timestamp": "20250513_220701",
    "best_params": {
        "rolling_volatility_window": 51,
        "trix_period": 61,
        "tema_period": 61,
        "bbands_period": 23,
        "macd_fast": 17,
        "macd_slow": 31,
        "obv_window": 37,
        "ewma_span": 19,
        "num_leaves": 51,
        "learning_rate": 0.06964321295814689,
        "n_estimators": 400,
        "min_child_samples": 23,
        "subsample": 0.6945493164151604,
        "colsample_bytree": 0.8739604888680206,
        "reg_alpha": 0.9339654279033078,
        "reg_lambda": 0.7165354953869036
    },
    "accuracy": 0.5902,
    "precision": 0.557,
    "recall": 0.3858,
    "f1_score": 0.4559,
    "duration_seconds": 987.75,
    "portfolio_balances": {
        "dynamic": 10941.35,
        "balanced": 10711.82,
        "ultra_aggressive": 11129.54
    }
}