{
    "timestamp": "20250513_213528",
    "best_params": {
        "rolling_volatility_window": 51,
        "trix_period": 68,
        "tema_period": 38,
        "bbands_period": 11,
        "macd_fast": 11,
        "macd_slow": 32,
        "obv_window": 9,
        "ewma_span": 12,
        "num_leaves": 57,
        "learning_rate": 0.062082346274350456,
        "n_estimators": 323,
        "min_child_samples": 23,
        "subsample": 0.8368063470486212,
        "colsample_bytree": 0.8592694023342018,
        "reg_alpha": 0.9249369707606754,
        "reg_lambda": 0.5932044388107284
    },
    "accuracy": 0.5973,
    "precision": 0.5654,
    "recall": 0.4082,
    "f1_score": 0.4741,
    "duration_seconds": 799.28,
    "portfolio_balances": {
        "dynamic": 10555.77,
        "balanced": 10392.39,
        "ultra_aggressive": 11126.17
    }
}